ROLL_NO,GR_NO,STD,CLASS,NAME,BIRTHDATE,GUJARATI,GUJARATI_GRADE,MATHS,MATHS_GRADE,HINDI,HINDI_GRADE,ENGLISH,ENGLISH_GRADE,SCIENCE,SCIENCE_GRADE,SOCIAL_SCIENCE,SOCIAL_SCIENCE_GRADE,SANSKRIT,SANSKRIT_GRADE,VYAKTITVA_VIKAS,VYAKTITVA_VIKAS_GRADE,FINAL_TOTAL,FINAL_GRADE
TOTAL_MARKS,-,-,-,-,-,160,-,160,,160,,160,,160,,160,,160,,400,,1520,
1,1221,8,A,RAJAT KUMAR B,21/1/1901,120,B,125,B,126,B,124,B,122,B,125,B,120,B,360,A,1222,A
2,1232,8,B,KAUSHAL KUMAR J,23/03/1905,128,A,125,B,127,B,124,B,125,B,126,B,125,B,340,A,1220,A
3,2124,8,C,JAYVEER KUMAR J,24/06/2005,102,C,122,B,130,A,125,B,126,B,124,B,122,B,305,B,1156,B
4,4122,8,B,JIGARKUMAR ,25/06/2005,100,C,137,A,127,B,124,B,125,B,125,B,124,B,325,A,1187,B
5,5454,8,C,CHINTAN KUMAR K,30/02/2008,122,B,125,B,125,B,125,B,120,B,120,B,128,A,325,A,1190,B
